sample_id,sample
1,Baoding_Jingke
2,Baoding_Qinghuasi
3,Baoding_Shuangtaan_A
4,Baoding_Shuangtaan_B
5,Baoding_Wenchang
6,Baoding_Wuhou
7,Baoding_Xigang
8,Baoding_Xingguosi
9,Baoding_Xingwen
10,Baoding_Xiudesi
11,Baoding_Xueshan
12,Baoding_Yanzita
13,Baoding_Yixianbaita
14,Baoding_Zhidusi
15,Chengde_Banjieta
16,Chengde_Liuhe
17,Chengde_Wanshouliuli
18,Handan_Beianzhuang
19,Handan_Nangang
20,Handan_Wuanshelita
21,Handan_Yeheta
22,Handan_Yufengta
23,Hengshui_Baoyunta
24,Hengshui_Qinglinsi
25,Langfang_Lingshanta
26,Qinhuangdao_Shuangyangta
27,Qinhuangdao_Yuanyingsi
28,Shijiazhuang_Bailinsi
29,Shijiazhuang_Kaihuasi
30,Shijiazhuang_Wanshousizeyunta
31,Tangshan_Baoanta
32,Tangshan_Duobaofota
33,Tangshan_Tiangongsi
34,Tangshan_Yongwangta
35,Tangshan_Yuhuangta
36,Xingtai_Pulisi
37,Xingtai_Putongta
38,Xingtai_Shifota
39,Xiongan_Fututa
40,Zhangjiakou_Bailinta
41,Zhangjiakou_Chongguangta
42,Zhangjiakou_Nanansi
43,Zhangjiakou_Shujiusuta
