sample_id,sample,voxel_coefficient,normal_k,point_count,points_file,normals_file,points_sha256,normals_sha256
1,Baoding_Jingke,0.009,7,18208,Baoding_Jingke_points.npy,Baoding_Jingke_normals.npy,e4571413c7f4ae8a976e86a6926eedc44db6db2d0ee4d24120120e2857b18424,30c5c1039733e82027c25efff426df1ff082292cac25a0870eaa3c93add4f15f
2,Baoding_Qinghuasi,0.009,7,22128,Baoding_Qinghuasi_points.npy,Baoding_Qinghuasi_normals.npy,92d1617d4ccfe39734de205a4e05659128173aacf786b5b00f937879c6392ae0,f510db5b7d598575cdf8f12baed7958fc75175dfcfda1e4c7a83cbccc92a22cf
3,Baoding_Shuangtaan_A,0.009,7,22503,Baoding_Shuangtaan_A_points.npy,Baoding_Shuangtaan_A_normals.npy,ac730718ad95c97c1e078c9e836898b8df839c764104033527e7b01ebc18b861,2eaaf8c063c6710f7fc5b79977ecf99d85fc198f397e2b7cd91fb9716f6fe1c0
4,Baoding_Shuangtaan_B,0.009,7,13856,Baoding_Shuangtaan_B_points.npy,Baoding_Shuangtaan_B_normals.npy,9b65630abb0c3bbf4cd0c235fc8144a5772a67050662a217ba91ce8dd5937179,b04b472d9874c4d35fe21bd7f6f365737da1933c46049c1218f79b86be030b59
5,Baoding_Wenchang,0.009,7,10388,Baoding_Wenchang_points.npy,Baoding_Wenchang_normals.npy,3211027b644cd24746bfdda1fa52c1566488dcf85477681950ed6cf5b0d4bc72,ce5f9c14d906b78c577a6744db45f4848da3a1b4f13d722df984b26b230359d9
6,Baoding_Wuhou,0.009,7,15052,Baoding_Wuhou_points.npy,Baoding_Wuhou_normals.npy,ca098cf719a17bd08a5a97315bdeabfa1bf6fcfcde4917683d0eaa5325604f5c,a2f1b945efaf2fbeeb067e54aa2a2eda70e440ad5d4a32619505d58c88c2a64e
7,Baoding_Xigang,0.009,7,19891,Baoding_Xigang_points.npy,Baoding_Xigang_normals.npy,7c8cc7e149c921feb6678ec86f441eb9cb7940987ae17f27e4e2c2696f96f875,c83d62d9f61f8aea42c908a38981882c59b1fad74fe002ac67e0b07d8374e1c3
8,Baoding_Xingguosi,0.009,7,12634,Baoding_Xingguosi_points.npy,Baoding_Xingguosi_normals.npy,94d0e365a15d2e7473a0ab853b1e49c7ae6ecb9f29040b2ce1eacb12d72548da,b0b65b4b03fb7c8f7b7b2ca73b953196c87147144823bed734805cd860458d92
9,Baoding_Xingwen,0.009,7,14853,Baoding_Xingwen_points.npy,Baoding_Xingwen_normals.npy,35a43329965802f511335d5ee7410957c304fb26858c8dc0938218a3c9c8318a,211ae7618e10e63026a5eef8c4f8ad47ff7e517622fee65b2eca25889138d5ac
10,Baoding_Xiudesi,0.009,7,12702,Baoding_Xiudesi_points.npy,Baoding_Xiudesi_normals.npy,8836b3d0eeeea94aad5acd0123a119398f4de0524ce852c5bab53f5a59926697,7feb8a0f4cb87bb49b5e1d93f4fcdcb66697c60ed803cb2cce948731914b91ce
11,Baoding_Xueshan,0.009,7,26237,Baoding_Xueshan_points.npy,Baoding_Xueshan_normals.npy,5993ec1520090e90e92fffd6a63c169cce325a6449796ceeacd44ec6017f8139,6ee4286bc062be30a91792e821ff89f51f85dfd1dbaf168eaff03a2644530b79
12,Baoding_Yanzita,0.009,7,13417,Baoding_Yanzita_points.npy,Baoding_Yanzita_normals.npy,ea1d927cd135d88ccdcea6957a885652a699e203c024e196eae0ce052b5bcc1e,310ced421c30aff8ace7597ea161dde2c56f4eefaab232d144aad8deae90fb82
13,Baoding_Yixianbaita,0.009,7,21178,Baoding_Yixianbaita_points.npy,Baoding_Yixianbaita_normals.npy,adecd9ce55bb1309e430a7d9e53d74c429049902edcdeb9581772ebaaedb873c,d28d51687c2d62f4644399b3e954d6d9e0206e44ee773db9c9786be02d4884d5
14,Baoding_Zhidusi,0.009,7,20642,Baoding_Zhidusi_points.npy,Baoding_Zhidusi_normals.npy,d7be574b7f5ca0280b61f3d86d1033041aabdb4e167e329f5b0b5b748bbf1436,c930d6b2dcead42393c441f5298e00403e9af5cdde49b389fbc69fa40e057983
15,Chengde_Banjieta,0.009,7,17063,Chengde_Banjieta_points.npy,Chengde_Banjieta_normals.npy,78128ae7c1d39dc27e6cd24735b03772c5e45dfd97ccf9c44cad8390dca3fd9f,155c036f16891d51aa1bac2932f1fbcaba4d35235938824b02b36a7615ab4a7e
16,Chengde_Liuhe,0.009,7,15277,Chengde_Liuhe_points.npy,Chengde_Liuhe_normals.npy,250f0f0421aa40d15af0a0b077387cf0b77aaadc6f55ea922273c3713a1e73b5,ae853fa59ec628a5f89b044c46180ba3dd81037a54e61c7fef99d7dd838449f8
17,Chengde_Wanshouliuli,0.009,7,24834,Chengde_Wanshouliuli_points.npy,Chengde_Wanshouliuli_normals.npy,51b34e5a8b059bba8e207f786e22d6ca1320d6752e640e58926edc0ca39ba1e2,9f835fc872a46d78e96cd89fd2e8f42d1dadb7d7e48c3cf23a5ab57561708f94
18,Handan_Beianzhuang,0.009,7,10662,Handan_Beianzhuang_points.npy,Handan_Beianzhuang_normals.npy,40c8606c4694dc9ab28dee27981266f89f98c78e99f7f95c2d55bd011f933257,7419085cb2690c00127e19a5a7d2fe7e45414a3049d16848d1ec2be685e3e203
19,Handan_Nangang,0.009,7,13911,Handan_Nangang_points.npy,Handan_Nangang_normals.npy,ecbf08f1506b81d92312fbab334d8fc662a8f33d5ca044686dbc427481133e4b,722a98421dd6523838c4af47d29065d537e28fc107d4d539f654ebcd698792d1
20,Handan_Wuanshelita,0.009,7,12004,Handan_Wuanshelita_points.npy,Handan_Wuanshelita_normals.npy,7d3413e1313ac14871dc122b8249c3799f19f33071b66205f5d8e8ea68d7a974,84f5e3c0bd6d163c33c0c0d2fe677bb87760a61b17187548061ad25ac94c0b6c
21,Handan_Yeheta,0.009,7,12298,Handan_Yeheta_points.npy,Handan_Yeheta_normals.npy,1f77ec5850cd81affefe8f30128937eb6e14f3df650866aea044f37111d358e9,33dc3a08153c43bd99222ee86fb9c7a7f3dcc414baaa89c3d8539bd0777c9cb1
22,Handan_Yufengta,0.009,7,18994,Handan_Yufengta_points.npy,Handan_Yufengta_normals.npy,abd09d3b8f79c8e2e63a03710c4db991804b821262956d10f132843ae3bf27c5,2f651c497ce51c084eb142b61aac3b2bd03071f95f8c688935527246d4b69bf2
23,Hengshui_Baoyunta,0.009,7,11947,Hengshui_Baoyunta_points.npy,Hengshui_Baoyunta_normals.npy,a15e1eef7ede4bcb05fba5d47e73ff3f9a106f769017e7621261f61df8806120,09476c6491b738cbf5503eb871458610e65a2ff00ebac6ed423b1c419245a65f
24,Hengshui_Qinglinsi,0.009,7,12368,Hengshui_Qinglinsi_points.npy,Hengshui_Qinglinsi_normals.npy,d55b508e823a177c1aef36202fe925dff6220f0cb2fb3f25a1f8776a51ec2626,92ae5e67611432862fb0c994207128536842f9f52d9ee94b1730cd19c13e6d1b
25,Langfang_Lingshanta,0.009,7,18581,Langfang_Lingshanta_points.npy,Langfang_Lingshanta_normals.npy,2f02f9f60923a144d2690abcc0bf429b13f1c4b9f34b779586b550e96b6d37a6,3d4eb84e8449b21931d6fd21969867127028d545b7868179550e3f631cfbfb81
26,Qinhuangdao_Shuangyangta,0.009,7,12524,Qinhuangdao_Shuangyangta_points.npy,Qinhuangdao_Shuangyangta_normals.npy,c9c7d0abe1fbf989243bab5e8f51bdbbf60c71a68ef9cb567e6f53547385157d,e1b6c859c34cabf020a8691ad192e7c91f45fab297c4447311eb27fcd5f24451
27,Qinhuangdao_Yuanyingsi,0.009,7,20477,Qinhuangdao_Yuanyingsi_points.npy,Qinhuangdao_Yuanyingsi_normals.npy,3a237bd0c5883611322327c395fa501c46144ef70f5c14612188d694cfb00ae9,813cdbf663a8be14b33b9ec9b56072c754def9b2e7254b602b69d398f58a6ce6
28,Shijiazhuang_Bailinsi,0.009,7,12914,Shijiazhuang_Bailinsi_points.npy,Shijiazhuang_Bailinsi_normals.npy,7e40669cf7a28cf7d3126bf9eb4ac478732af7da3110bf18f823ddc008017059,fc770eff2b69d8b47033d46cecb10f9ab334a3192cc098d4a4629ad799c35781
29,Shijiazhuang_Kaihuasi,0.009,7,14723,Shijiazhuang_Kaihuasi_points.npy,Shijiazhuang_Kaihuasi_normals.npy,26b4c45dfa833fd5c80ddf195584b3431d23111476b2b8ea8122363e8b0a5700,42431b6143a20445b1189dd901f49fd8f703235579badac76624e0c697359e65
30,Shijiazhuang_Wanshousizeyunta,0.009,7,30227,Shijiazhuang_Wanshousizeyunta_points.npy,Shijiazhuang_Wanshousizeyunta_normals.npy,b7a78b32fa07c387448e8b4d65b468bc06bc4d7866b67b1c6101b2d8ebc39982,bcf0f56f08e0c012638261c1bee7b052f7cbdb833dcbe6044eac8f6ef4ddc1a3
31,Tangshan_Baoanta,0.009,7,14322,Tangshan_Baoanta_points.npy,Tangshan_Baoanta_normals.npy,ffc95c323aba391da3727ec9fff283020ebe331322a6c80db0c44cee7b813ce5,2059fa6ec3c4d690b7a87b4093aae5d060121f13b522d7175363e403db5d180d
32,Tangshan_Duobaofota,0.009,7,16975,Tangshan_Duobaofota_points.npy,Tangshan_Duobaofota_normals.npy,40b81364c6befe773c623eaf38fd9c06b95f9ed985a97fa293487109cdbdf224,3b0c308daac306407d9984345ff08c084b40630d69473b6880a5017e8a8ef424
33,Tangshan_Tiangongsi,0.009,7,17976,Tangshan_Tiangongsi_points.npy,Tangshan_Tiangongsi_normals.npy,b8a3eac1aa8daebaaff6f4479c3b5304f4b288ef6af38190f0fe262a44b91a22,21af7161475349c8c60e7e0f90c8ced2beb6c9bf985de86a44a73951c68a122d
34,Tangshan_Yongwangta,0.009,7,13869,Tangshan_Yongwangta_points.npy,Tangshan_Yongwangta_normals.npy,e25d837e21c613c6b0ecbad1078957b0b8d2a0d691097f1ef6f7883e29c89c35,014a0698c82be8c2c02f746fcffccf32af41adc4e3136da9273d9458ffde26e7
35,Tangshan_Yuhuangta,0.009,7,17161,Tangshan_Yuhuangta_points.npy,Tangshan_Yuhuangta_normals.npy,2b13fcc3a51db869cd192867d0b0fdc0427d5b26e5ecae76c044d130d501922e,3e8408baece0b86c2d76f67e4d54de8d3753af32a8d7c74a38463093e19363ed
36,Xingtai_Pulisi,0.009,7,15117,Xingtai_Pulisi_points.npy,Xingtai_Pulisi_normals.npy,f980d9a4ac2365b5c1a283d34b86a548fc88bb6ae0a46f4d12303b124e02598a,2b4f12423d0a0a5d28e360f323777268ed60e0755e369429dd4fc5ba77c5a8db
37,Xingtai_Putongta,0.009,7,13748,Xingtai_Putongta_points.npy,Xingtai_Putongta_normals.npy,3e35b5940230c43229054a1d8143d2752625e21ddd3609d11ca4372a798d468e,be691e20c71650dead09f59c5a9206ad3cf6eaa936f1a40ffd10180ad4f14cc6
38,Xingtai_Shifota,0.009,7,17813,Xingtai_Shifota_points.npy,Xingtai_Shifota_normals.npy,2b9b3d5a99a3ec3883d563cd5beb44b16796265ca28a0c18429db3b9caa6a3c0,b4a489e71bf3cf741781eb8bc54513a0a9fd9162561e374d8d9547f4d846f7b5
39,Xiongan_Fututa,0.009,7,18132,Xiongan_Fututa_points.npy,Xiongan_Fututa_normals.npy,46051498c8a202cc8f4e18bc2f41b3f8c004151067891de5b92e5af64faa363e,b52c5c0e801c5f4a90c6e190bd4888aca0b8f361494797b91926be3bb9fad022
40,Zhangjiakou_Bailinta,0.009,7,14281,Zhangjiakou_Bailinta_points.npy,Zhangjiakou_Bailinta_normals.npy,f633148a44b8cee2a9969cf87ffbca15bd9a6edee8cfdf2bf101442fc01cf01c,800c374694da1a7cbbe62a3ed4f08dfce5e58d45310f911a0bf35536a8582a19
41,Zhangjiakou_Chongguangta,0.009,7,16160,Zhangjiakou_Chongguangta_points.npy,Zhangjiakou_Chongguangta_normals.npy,0e32a4ab6185e3cbd0a1134792e9bde3c7c76cc3cca25ba86447471eb0085ddc,7d7f91ae737fe6f31388541a7281e7ae6ff8cde32e4b8269e5ada43b82af72cd
42,Zhangjiakou_Nanansi,0.009,7,17344,Zhangjiakou_Nanansi_points.npy,Zhangjiakou_Nanansi_normals.npy,8f89b699e49c948aae0c4c12e6ee8a487842412e90498ece510d5c1ae3f09c5e,eef8f527874131b3d1cc252ae2ad8a895ab32332b8f50f9bf82416358a29b1c0
43,Zhangjiakou_Shujiusuta,0.009,7,16717,Zhangjiakou_Shujiusuta_points.npy,Zhangjiakou_Shujiusuta_normals.npy,dc6df2a48a03e0004cedcafd803cb0ab74dd8d9480d5f94de1ac851d86dbb367,0cc5b4c2e322e85fae2f35ce565f8f05dd046cef86f6227ccc8f796bd85ba7ed
